delta,theta,alpha,beta
7550405625.231288,538051813.1798418,99108321.03016637,386461098.9489704
3318206266.87008,224109643.51991406,80440722.12572774,449144691.18655443
1893289063.2707024,277630921.0550798,105108211.96087028,577961515.8004928
415938930.74766564,229993290.52299896,100155983.91569519,597229494.910679
1415919305.6411316,566001217.0841126,206406621.9366182,633683782.4130701
6321970721.550738,350487439.12340826,159208056.07004374,451145426.92205477
2940686334.1415887,246016954.8870306,133107360.74879141,394403956.6188658
3807377150.307582,798346824.1076931,231784935.07685632,542752651.4547379
