delta,theta,alpha,beta
0.005612843976099638,0.006183790395480247,0.005470948401515587,0.02270992333765519
